Promotion_ID,Promotion_Type,SKU_ID,Start_Date,End_Date,Discount_Percent,POSM_Type,Target_Channel,Campaign_Budget
PROM001,POSM,SKU014,2025-04-04,2025-05-02,0.0,Glow Sign,Eating & Dining,51210.91
PROM002,Consumer Offer,SKU009,2025-08-13,2025-09-25,12.0,None,Convenience Store,24487.68
PROM003,Discount,SKU009,2026-03-21,2026-04-28,12.0,None,Supermarket,67286.59
PROM004,Consumer Offer,SKU015,2025-11-17,2025-12-01,12.0,None,Supermarket,31607.63
PROM005,Bundle,SKU012,2025-10-14,2025-11-13,15.0,None,Kirana,60369.49
PROM006,Consumer Offer,SKU008,2025-11-23,2025-12-11,15.0,None,Kirana,30050.93
PROM007,Bundle,SKU012,2026-10-25,2026-11-15,10.0,None,Convenience Store,115154.24
PROM008,Consumer Offer,SKU005,2026-11-10,2026-12-01,5.0,None,Kirana,30223.17
PROM009,Consumer Offer,SKU033,2025-04-20,2025-05-23,10.0,None,Kirana,69798.15
PROM010,Bundle,SKU013,2025-03-19,2025-04-08,12.0,None,Kirana,35682.88
PROM011,Consumer Offer,SKU004,2025-06-16,2025-07-08,0.0,None,Convenience Store,23017.99
PROM012,POSM,SKU020,2026-08-03,2026-08-24,0.0,Danglers,Kirana,36242.4
PROM013,Bundle,SKU031,2025-11-09,2025-12-04,10.0,None,Supermarket,20751.28
PROM014,POSM,SKU013,2026-08-11,2026-09-14,0.0,Glow Sign,Convenience Store,29636.73
PROM015,Retailer Incentive,SKU029,2026-03-16,2026-04-11,0.0,None,Supermarket,66815.84
PROM016,Discount,SKU021,2026-01-12,2026-02-05,15.0,None,Kirana,83440.63
PROM017,Retailer Incentive,SKU026,2025-07-11,2025-08-10,0.0,None,Convenience Store,24170.68
PROM018,Retailer Incentive,SKU011,2025-08-22,2025-09-24,0.0,None,Kirana,61306.96
PROM019,POSM,SKU002,2025-04-11,2025-04-25,0.0,Stickers,Convenience Store,76030.94
PROM020,Consumer Offer,SKU012,2025-12-20,2026-01-31,10.0,None,Kirana,39593.7
PROM021,Bundle,SKU032,2025-07-10,2025-08-22,15.0,None,Eating & Dining,54068.23
PROM022,Discount,SKU027,2025-07-18,2025-08-20,5.0,None,Kirana,22542.66
PROM023,POSM,SKU027,2025-01-27,2025-02-28,0.0,Standee,Convenience Store,38113.76
PROM024,Retailer Incentive,SKU030,2026-06-28,2026-08-03,0.0,None,Kirana,64009.06
PROM025,Bundle,SKU013,2026-10-01,2026-10-29,5.0,None,Convenience Store,118996.43
PROM026,Consumer Offer,SKU011,2025-12-05,2025-12-30,5.0,None,Convenience Store,119607.83
PROM027,Consumer Offer,SKU032,2025-12-31,2026-01-25,7.0,None,Kirana,117860.28
PROM028,Consumer Offer,SKU020,2026-09-22,2026-10-11,12.0,None,Kirana,59424.07
PROM029,Bundle,SKU011,2025-12-14,2026-01-23,15.0,None,Kirana,23471.44
PROM030,Bundle,SKU010,2026-02-28,2026-03-24,12.0,None,Kirana,48975.21
PROM031,POSM,SKU030,2025-10-19,2025-11-11,0.0,Standee,Eating & Dining,39960.01
PROM032,Retailer Incentive,SKU002,2025-12-16,2026-01-29,0.0,None,Kirana,16483.29
PROM033,Retailer Incentive,SKU003,2025-12-21,2026-01-20,0.0,None,Kirana,24999.53
PROM034,POSM,SKU026,2026-04-29,2026-06-01,0.0,Standee,Eating & Dining,62585.15
PROM035,Retailer Incentive,SKU001,2026-02-15,2026-03-08,0.0,None,Kirana,50664.56
PROM036,POSM,SKU006,2025-12-09,2025-12-31,0.0,Glow Sign,Kirana,33937.14
PROM037,Bundle,SKU034,2025-02-21,2025-03-30,0.0,None,Supermarket,90190.5
PROM038,Discount,SKU015,2026-09-08,2026-10-06,15.0,None,Eating & Dining,52497.14
PROM039,Consumer Offer,SKU025,2026-08-28,2026-09-15,12.0,None,Supermarket,104446.12
PROM040,Consumer Offer,SKU017,2025-05-06,2025-06-15,10.0,None,Convenience Store,40302.6
PROM041,Retailer Incentive,SKU004,2025-07-19,2025-08-14,0.0,None,Eating & Dining,71531.32
PROM042,Consumer Offer,SKU007,2026-10-24,2026-11-28,0.0,None,Kirana,34334.62
PROM043,Discount,SKU026,2025-08-07,2025-08-31,0.0,None,Eating & Dining,67006.56
PROM044,POSM,SKU004,2026-07-07,2026-08-07,0.0,Standee,Supermarket,31008.98
PROM045,Consumer Offer,SKU021,2026-06-19,2026-07-27,5.0,None,Eating & Dining,31965.76
PROM046,POSM,SKU012,2026-08-09,2026-09-20,0.0,Danglers,Kirana,79283.45
PROM047,POSM,SKU013,2025-01-11,2025-01-31,0.0,Danglers,Kirana,42697.53
PROM048,Retailer Incentive,SKU033,2025-11-25,2025-12-30,0.0,None,Convenience Store,33098.56
PROM049,Consumer Offer,SKU021,2026-01-20,2026-03-04,12.0,None,Convenience Store,112625.67
PROM050,Consumer Offer,SKU021,2026-07-24,2026-08-27,5.0,None,Convenience Store,19515.34
PROM051,POSM,SKU012,2025-06-02,2025-06-20,0.0,Glow Sign,Eating & Dining,74340.55
PROM052,Bundle,SKU013,2025-07-28,2025-08-17,5.0,None,Convenience Store,72567.7
PROM053,POSM,SKU024,2025-05-03,2025-05-23,0.0,Stickers,Kirana,41313.93
PROM054,Retailer Incentive,SKU002,2026-06-03,2026-06-20,0.0,None,Kirana,62541.03
PROM055,Consumer Offer,SKU009,2026-11-11,2026-12-19,12.0,None,Kirana,24212.47
PROM056,Consumer Offer,SKU021,2025-04-06,2025-05-20,10.0,None,Kirana,90733.37
PROM057,Discount,SKU022,2025-06-08,2025-07-08,12.0,None,Kirana,38278.2
PROM058,Retailer Incentive,SKU004,2025-07-28,2025-08-30,0.0,None,Supermarket,35305.46
PROM059,Bundle,SKU027,2026-08-28,2026-10-05,0.0,None,Supermarket,48062.24
PROM060,Retailer Incentive,SKU019,2025-10-31,2025-11-27,0.0,None,Convenience Store,109748.84
PROM061,POSM,SKU009,2025-07-11,2025-08-09,0.0,Danglers,Kirana,98629.0
PROM062,Retailer Incentive,SKU026,2025-08-08,2025-09-09,0.0,None,Convenience Store,114423.69
PROM063,Retailer Incentive,SKU034,2026-02-11,2026-03-06,0.0,None,Supermarket,83456.05
PROM064,Consumer Offer,SKU015,2025-09-21,2025-10-06,7.0,None,Hypermarket,84606.76
PROM065,Retailer Incentive,SKU010,2025-04-06,2025-05-08,0.0,None,Convenience Store,65403.25
PROM066,Consumer Offer,SKU011,2026-07-12,2026-08-21,5.0,None,Supermarket,110044.56
PROM067,Retailer Incentive,SKU021,2025-10-15,2025-10-31,0.0,None,Convenience Store,68642.1
PROM068,Discount,SKU002,2025-06-24,2025-07-14,5.0,None,Convenience Store,52281.31
PROM069,Discount,SKU017,2026-05-11,2026-06-02,0.0,None,Hypermarket,82239.38
PROM070,POSM,SKU001,2026-05-22,2026-06-30,0.0,Danglers,Kirana,72344.65
PROM071,Retailer Incentive,SKU002,2025-04-16,2025-05-16,0.0,None,Kirana,28022.08
PROM072,Consumer Offer,SKU015,2025-02-20,2025-03-23,0.0,None,Kirana,56236.17
PROM073,POSM,SKU026,2025-01-31,2025-03-06,0.0,Danglers,Convenience Store,47899.17
PROM074,POSM,SKU031,2026-06-05,2026-06-27,0.0,Danglers,Convenience Store,103917.55
PROM075,Consumer Offer,SKU003,2026-03-02,2026-04-07,7.0,None,Convenience Store,54778.47
PROM076,Retailer Incentive,SKU009,2026-06-23,2026-07-07,0.0,None,Convenience Store,101263.3
PROM077,Retailer Incentive,SKU015,2026-03-02,2026-03-19,0.0,None,Kirana,61450.91
PROM078,Discount,SKU020,2025-10-01,2025-11-10,0.0,None,Hypermarket,94117.56
PROM079,POSM,SKU034,2026-02-05,2026-03-12,0.0,Rack,Kirana,29204.6
PROM080,Bundle,SKU024,2026-05-07,2026-05-26,5.0,None,Eating & Dining,112088.27
PROM081,Consumer Offer,SKU019,2025-09-29,2025-10-27,12.0,None,Kirana,65458.79
PROM082,POSM,SKU003,2026-09-15,2026-09-30,0.0,Danglers,Convenience Store,42278.82
PROM083,Retailer Incentive,SKU003,2026-09-04,2026-10-09,0.0,None,Convenience Store,40356.41
PROM084,POSM,SKU006,2026-06-29,2026-08-06,0.0,Rack,Supermarket,42833.12
PROM085,Consumer Offer,SKU023,2026-11-06,2026-11-28,15.0,None,Kirana,53506.04
PROM086,Discount,SKU012,2025-09-23,2025-10-18,10.0,None,Eating & Dining,90339.55
PROM087,Retailer Incentive,SKU009,2025-03-19,2025-04-09,0.0,None,Convenience Store,114708.32
PROM088,Discount,SKU023,2025-11-26,2025-12-22,7.0,None,Convenience Store,85248.93
PROM089,Bundle,SKU028,2026-05-23,2026-06-14,5.0,None,Convenience Store,72452.46
PROM090,Retailer Incentive,SKU015,2026-06-14,2026-07-05,0.0,None,Kirana,62102.77
PROM091,Retailer Incentive,SKU030,2025-09-22,2025-10-19,0.0,None,Convenience Store,101960.42
PROM092,POSM,SKU025,2025-07-18,2025-08-28,0.0,Danglers,Kirana,104214.01
PROM093,POSM,SKU025,2025-10-30,2025-12-07,0.0,Danglers,Kirana,45768.96
PROM094,Discount,SKU030,2026-07-01,2026-07-24,15.0,None,Convenience Store,115109.13
PROM095,Retailer Incentive,SKU007,2025-02-11,2025-03-27,0.0,None,Convenience Store,56487.11
PROM096,Discount,SKU026,2025-08-12,2025-09-01,15.0,None,Kirana,99008.2
PROM097,Discount,SKU033,2025-06-06,2025-07-19,7.0,None,Kirana,116516.09
PROM098,POSM,SKU034,2026-07-03,2026-07-26,0.0,Rack,Kirana,88884.1
PROM099,Discount,SKU020,2025-11-16,2025-12-17,10.0,None,Kirana,31962.83
PROM100,Discount,SKU026,2025-03-01,2025-03-21,12.0,None,Convenience Store,76544.38
PROM101,Consumer Offer,SKU031,2025-06-28,2025-08-05,7.0,None,Kirana,27471.6
PROM102,Consumer Offer,SKU029,2025-01-31,2025-02-24,12.0,None,Hypermarket,97859.91
PROM103,Bundle,SKU031,2025-11-20,2025-12-31,7.0,None,Kirana,44538.09
PROM104,Consumer Offer,SKU029,2026-11-10,2026-11-26,7.0,None,Kirana,87997.56
PROM105,Consumer Offer,SKU013,2026-01-21,2026-02-20,7.0,None,Hypermarket,110559.42
PROM106,Bundle,SKU025,2026-08-15,2026-09-03,12.0,None,Kirana,34006.03
PROM107,Consumer Offer,SKU014,2026-05-20,2026-07-01,10.0,None,Convenience Store,56250.07
PROM108,POSM,SKU028,2026-08-24,2026-09-20,0.0,Standee,Eating & Dining,82947.47
PROM109,Retailer Incentive,SKU028,2025-07-31,2025-09-04,0.0,None,Eating & Dining,59064.15
PROM110,Discount,SKU032,2026-10-09,2026-11-20,12.0,None,Supermarket,33355.99
PROM111,Bundle,SKU021,2025-06-12,2025-07-13,0.0,None,Kirana,18052.52
PROM112,Bundle,SKU017,2025-10-26,2025-11-10,15.0,None,Convenience Store,57692.81
PROM113,Bundle,SKU006,2026-04-09,2026-04-30,10.0,None,Eating & Dining,83166.95
PROM114,Retailer Incentive,SKU022,2025-07-15,2025-08-04,0.0,None,Eating & Dining,75268.34
PROM115,Consumer Offer,SKU020,2025-06-29,2025-08-11,7.0,None,Kirana,31405.33
PROM116,POSM,SKU018,2025-03-30,2025-05-12,0.0,Danglers,Kirana,62322.81
PROM117,POSM,SKU023,2025-01-03,2025-02-01,0.0,Rack,Kirana,53794.46
PROM118,Retailer Incentive,SKU029,2025-12-07,2026-01-18,0.0,None,Kirana,43791.25
PROM119,POSM,SKU006,2026-11-02,2026-11-23,0.0,Standee,Supermarket,91573.48
PROM120,Bundle,SKU015,2025-05-30,2025-07-04,5.0,None,Kirana,47513.46
